{
    "animation": [
        {
            "name": "Root",
            "time": [0.0, 0.0333, 0.0833, 0.1667, 0.4],
            "transform": [
                [0.954073, 0.013731, 0.299258, -0.000435, 0.299185, 0.007132, -0.954168, -0.03311, -0.015236, 0.99988, 0.002697, 0.698995, 0.0, 0.0, 0.0, 1.0],
                [0.954073, 0.013731, 0.299258, -0.005493, 0.299185, 0.007132, -0.954168, -0.03311, -0.015236, 0.99988, 0.002697, 0.698995, 0.0, 0.0, 0.0, 1.0],
                [0.954073, 0.013731, 0.299258, -0.014594, 0.299185, 0.007132, -0.954168, -0.03311, -0.015236, 0.99988, 0.002697, 0.703138, 0.0, 0.0, 0.0, 1.0],
                [0.954073, 0.013731, 0.299258, -0.026403, 0.299185, 0.007132, -0.954168, -0.03311, -0.015236, 0.99988, 0.002697, 0.710578, 0.0, 0.0, 0.0, 1.0],
                [0.954073, 0.013731, 0.299258, -0.026403, 0.299185, 0.007132, -0.954168, -0.03311, -0.015236, 0.99988, 0.002697, 0.715048, 0.0, 0.0, 0.0, 1.0]
            ]
        },
        {
            "name": "Thigh_R",
            "time": [0.0, 0.0333, 0.0833, 0.1667, 0.4],
            "transform": [
                [0.893938, 0.352712, 0.276524, 0.124994, 0.151536, -0.818507, 0.55415, -0.002831, 0.421794, -0.453471, -0.785144, -1.2e-05, 0.0, 0.0, 0.0, 1.0],
                [0.908892, 0.34405, 0.235672, 0.124994, 0.169866, -0.821542, 0.544254, -0.002831, 0.380867, -0.454634, -0.805138, -1.2e-05, 0.0, 0.0, 0.0, 1.0],
                [0.930734, 0.32489, 0.16786, 0.124994, 0.200659, -0.837463, 0.50832, -0.002831, 0.305727, -0.439427, -0.84465, -1.2e-05, 0.0, 0.0, 0.0, 1.0],
                [0.949059, 0.303494, 0.084705, 0.124994, 0.236494, -0.863732, 0.445012, -0.002831, 0.208223, -0.402309, -0.891509, -1.2e-05, 0.0, 0.0, 0.0, 1.0],
                [0.949589, 0.299903, 0.091301, 0.124994, 0.235395, -0.874456, 0.424163, -0.002831, 0.207048, -0.381288, -0.900971, -1.2e-05, 0.0, 0.0, 0.0, 1.0]
            ]
        },
        {
            "name": "Leg_R",
            "time": [0.0, 0.0333, 0.0833, 0.1667, 0.4],
            "transform": [
                [1.0, -0.0, 1e-06, 0.0, -0.0, 0.781142, 0.624355, 0.37472, -1e-06, -0.624354, 0.781142, 0.0, 0.0, 0.0, 0.0, 1.0],
                [1.0, -0.0, 1e-06, -0.0, -0.0, 0.785482, 0.618886, 0.37472, -1e-06, -0.618885, 0.785481, 0.0, 0.0, 0.0, 0.0, 1.0],
                [1.0, -0.0, 1e-06, 0.0, -0.0, 0.813826, 0.581111, 0.37472, -1e-06, -0.581111, 0.813824, 0.0, 0.0, 0.0, 0.0, 1.0],
                [1.0, -0.0, 1e-06, 0.0, -0.0, 0.861805, 0.507241, 0.37472, -1e-06, -0.507241, 0.861804, 0.0, 0.0, 0.0, 0.0, 1.0],
                [1.0, -0.0, 1e-06, -0.0, -0.0, 0.883844, 0.467783, 0.37472, -1e-06, -0.467784, 0.883843, 0.0, 0.0, 0.0, 0.0, 1.0]
            ]
        },
        {
            "name": "Knee_R",
            "time": [0.0, 0.0333, 0.0833, 0.1667, 0.4],
            "transform": [
                [1.0, 0.0, -0.0, -0.0, -0.0, 1e-06, -1.0, 0.39055, -0.0, 1.0, 1e-06, 0.0, 0.0, 0.0, 0.0, 1.0],
                [1.0, 0.0, -0.0, 0.0, -0.0, 1e-06, -1.0, 0.389817, -0.0, 1.0, 1e-06, -0.0, 0.0, 0.0, 0.0, 1.0],
                [1.0, 0.0, -0.0, -0.0, -0.0, 1e-06, -1.0, 0.384856, -0.0, 1.0, 1e-06, -0.0, 0.0, 0.0, 0.0, 1.0],
                [1.0, 0.0, -0.0, 0.0, -0.0, 1e-06, -1.0, 0.375601, -0.0, 1.0, 1e-06, -0.0, 0.0, 0.0, 0.0, 1.0],
                [1.0, 0.0, -0.0, 0.0, -0.0, 1e-06, -1.0, 0.37472, -0.0, 1.0, 1e-06, 0.0, 0.0, 0.0, 0.0, 1.0]
            ]
        },
        {
            "name": "Thigh_L",
            "time": [0.0, 0.0333, 0.0833, 0.1667, 0.4],
            "transform": [
                [0.894704, -0.304429, -0.326848, -0.125006, -0.220585, -0.93745, 0.269312, -0.002831, -0.388388, -0.168853, -0.905891, -1.2e-05, 0.0, 0.0, 0.0, 1.0],
                [0.877873, -0.310561, -0.364544, -0.125006, -0.215662, -0.936038, 0.278068, -0.002831, -0.427582, -0.165487, -0.888697, -1.2e-05, 0.0, 0.0, 0.0, 1.0],
                [0.845999, -0.31103, -0.433068, -0.125006, -0.205607, -0.939715, 0.273242, -0.002831, -0.491945, -0.142116, -0.858945, -1.2e-05, 0.0, 0.0, 0.0, 1.0],
                [0.802187, -0.299738, -0.516386, -0.125006, -0.19256, -0.948526, 0.251432, -0.002831, -0.565168, -0.102256, -0.818611, -1.2e-05, 0.0, 0.0, 0.0, 1.0],
                [0.803027, -0.285375, -0.523172, -0.125006, -0.191336, -0.954875, 0.227161, -0.002831, -0.564389, -0.08231, -0.821392, -1.2e-05, 0.0, 0.0, 0.0, 1.0]
            ]
        },
        {
            "name": "Leg_L",
            "time": [0.0, 0.0333, 0.0833, 0.1667, 0.4],
            "transform": [
                [1.0, -0.0, 1e-06, 0.0, -0.0, 0.844504, 0.535547, 0.37472, -1e-06, -0.535549, 0.844506, 0.0, 0.0, 0.0, 0.0, 1.0],
                [1.0, -0.0, 1e-06, -0.0, -0.0, 0.839976, 0.542622, 0.37472, -1e-06, -0.542624, 0.839977, -0.0, 0.0, 0.0, 0.0, 1.0],
                [1.0, -0.0, 1e-06, 0.0, -0.0, 0.852977, 0.521946, 0.37472, -1e-06, -0.521948, 0.852979, -0.0, 0.0, 0.0, 0.0, 1.0],
                [1.0, -0.0, 1e-06, -0.0, -0.0, 0.881348, 0.472466, 0.37472, -1e-06, -0.472468, 0.881349, 0.0, 0.0, 0.0, 0.0, 1.0],
                [1.0, -0.0, 1e-06, -0.0, -0.0, 0.904045, 0.427435, 0.37472, -1e-06, -0.427437, 0.904047, 0.0, 0.0, 0.0, 0.0, 1.0]
            ]
        },
        {
            "name": "Knee_L",
            "time": [0.0, 0.0333, 0.0833, 0.1667, 0.4],
            "transform": [
                [1.0, 0.0, -0.0, -0.0, -0.0, 1e-06, -1.0, 0.379085, 0.0, 1.0, 1e-06, -0.0, 0.0, 0.0, 0.0, 1.0],
                [1.0, 0.0, -0.0, 0.0, -0.0, 1e-06, -1.0, 0.379968, -0.0, 1.0, 1e-06, 0.0, 0.0, 0.0, 0.0, 1.0],
                [1.0, 0.0, -0.0, 0.0, -0.0, 1e-06, -1.0, 0.377402, -0.0, 1.0, 1e-06, -0.0, 0.0, 0.0, 0.0, 1.0],
                [1.0, 0.0, -0.0, 0.0, -0.0, 1e-06, -1.0, 0.37472, -0.0, 1.0, 1e-06, 0.0, 0.0, 0.0, 0.0, 1.0],
                [1.0, 0.0, -0.0, -0.0, -0.0, 1e-06, -1.0, 0.37472, -0.0, 1.0, 1e-06, 0.0, 0.0, 0.0, 0.0, 1.0]
            ]
        },
        {
            "name": "Torso",
            "time": [0.0, 0.0333, 0.0833, 0.1667, 0.4],
            "transform": [
                [0.913938, -0.030993, -0.404669, 0.0, 0.024262, 0.999469, -0.021754, 0.05, 0.405128, 0.010064, 0.914204, -0.0, 0.0, 0.0, 0.0, 1.0],
                [0.930559, -0.027765, -0.365086, 0.0, 0.025058, 0.999612, -0.012152, 0.05, 0.365282, 0.00216, 0.930894, -0.0, 0.0, 0.0, 0.0, 1.0],
                [0.956144, -0.022813, -0.292008, 0.0, 0.025443, 0.999663, 0.00521, 0.05, 0.29179, -0.012411, 0.956402, -0.0, 0.0, 0.0, 0.0, 1.0],
                [0.980718, -0.018098, -0.194587, -0.0, 0.023931, 0.999331, 0.02767, 0.05, 0.193956, -0.031793, 0.980495, 0.0, 0.0, 0.0, 0.0, 1.0],
                [0.980718, -0.018098, -0.194587, -0.0, 0.023931, 0.999331, 0.02767, 0.05, 0.193956, -0.031793, 0.980495, -0.0, 0.0, 0.0, 0.0, 1.0]
            ]
        },
        {
            "name": "Chest",
            "time": [0.0, 0.0333, 0.0833, 0.1667, 0.4],
            "transform": [
                [0.895893, 0.078698, -0.437245, -0.0, 0.012774, 0.979216, 0.202419, 0.3, 0.444087, -0.186931, 0.876267, -0.0, 0.0, 0.0, 0.0, 1.0],
                [0.969991, 0.068124, -0.233402, -0.0, -0.015311, 0.975155, 0.220992, 0.3, 0.242658, -0.210787, 0.946935, -0.0, 0.0, 0.0, 0.0, 1.0],
                [0.983958, 0.026718, 0.176388, 0.0, -0.068634, 0.969317, 0.236037, 0.3, -0.164669, -0.244357, 0.955601, 0.0, 0.0, 0.0, 0.0, 1.0],
                [0.612039, -0.049587, 0.789271, -0.0, -0.163937, 0.968397, 0.187966, 0.3, -0.773649, -0.244433, 0.584568, 0.0, 0.0, 0.0, 0.0, 1.0],
                [0.612039, -0.049587, 0.789271, -0.0, -0.163937, 0.968397, 0.187966, 0.3, -0.773649, -0.244433, 0.584568, 0.0, 0.0, 0.0, 0.0, 1.0]
            ]
        },
        {
            "name": "Head",
            "time": [0.0, 0.0333, 0.0833, 0.1667, 0.4],