{
    "animation": [
        {
            "name": "Root",
            "time": [0.0, 0.0833, 0.25, 0.5],
            "transform": [
                [0.954073, 0.013731, 0.299258, -0.000435, 0.299185, 0.007132, -0.954168, -0.03311, -0.015236, 0.99988, 0.002697, 0.698995, 0.0, 0.0, 0.0, 1.0],
                [0.954073, 0.013731, 0.299258, -0.000435, 0.299185, 0.007132, -0.954168, -0.061045, -0.015236, 0.99988, 0.002697, 0.697505, 0.0, 0.0, 0.0, 1.0],
                [0.954073, 0.013731, 0.299258, -0.000435, 0.299185, 0.007132, -0.954168, -0.089023, -0.015236, 0.99988, 0.002697, 0.692825, 0.0, 0.0, 0.0, 1.0],
                [0.954073, 0.013731, 0.299258, -0.000435, 0.299185, 0.007132, -0.954168, -0.057951, -0.015236, 0.99988, 0.002697, 0.692825, 0.0, 0.0, 0.0, 1.0]
            ]
        },
        {
            "name": "Thigh_R",
            "time": [0.0, 0.0833, 0.25, 0.5],
            "transform": [
                [0.893938, 0.352712, 0.276524, 0.124994, 0.151536, -0.818507, 0.55415, -0.002831, 0.421794, -0.453471, -0.785144, -1.2e-05, 0.0, 0.0, 0.0, 1.0],
                [0.896162, 0.352084, 0.270049, 0.124994, 0.147608, -0.810482, 0.566859, -0.002831, 0.418454, -0.468135, -0.778296, -1.2e-05, 0.0, 0.0, 0.0, 1.0],
                [0.89731, 0.3558, 0.261222, 0.124994, 0.14556, -0.797222, 0.585873, -0.002831, 0.416709, -0.487685, -0.767148, -1.2e-05, 0.0, 0.0, 0.0, 1.0],
                [0.894287, 0.360118, 0.265634, 0.124994, 0.150923, -0.801549, 0.578566, -0.002831, 0.421273, -0.477313, -0.771167, -1.2e-05, 0.0, 0.0, 0.0, 1.0]
            ]
        },
        {
            "name": "Leg_R",
            "time": [0.0, 0.0833, 0.25, 0.5],
            "transform": [
                [1.0, -0.0, 1e-06, 0.0, -0.0, 0.781142, 0.624355, 0.37472, -1e-06, -0.624354, 0.781142, 0.0, 0.0, 0.0, 0.0, 1.0],
                [1.0, -0.0, 1e-06, 0.0, -0.0, 0.808482, 0.588522, 0.37472, -1e-06, -0.588522, 0.808481, -0.0, 0.0, 0.0, 0.0, 1.0],
                [1.0, -0.0, 1e-06, 0.0, -0.0, 0.812998, 0.582267, 0.37472, -1e-06, -0.582267, 0.812998, -0.0, 0.0, 0.0, 0.0, 1.0],
                [1.0, -0.0, 1e-06, 0.0, -0.0, 0.763703, 0.645569, 0.37472, -1e-06, -0.645569, 0.763702, -0.0, 0.0, 0.0, 0.0, 1.0]
            ]
        },
        {
            "name": "Knee_R",
            "time": [0.0, 0.0833, 0.25, 0.5],
            "transform": [
                [1.0, 0.0, -0.0, -0.0, -0.0, 1e-06, -1.0, 0.39055, -0.0, 1.0, 1e-06, 0.0, 0.0, 0.0, 0.0, 1.0],
                [1.0, 0.0, -0.0, -0.0, -0.0, 1e-06, -1.0, 0.385816, -0.0, 1.0, 1e-06, 0.0, 0.0, 0.0, 0.0, 1.0],
                [1.0, 0.0, -0.0, 0.0, -0.0, 1e-06, -1.0, 0.385005, -0.0, 1.0, 1e-06, 0.0, 0.0, 0.0, 0.0, 1.0],
                [1.0, 0.0, -0.0, 0.0, -0.0, 1e-06, -1.0, 0.393435, -0.0, 1.0, 1e-06, 0.0, 0.0, 0.0, 0.0, 1.0]
            ]
        },
        {
            "name": "Thigh_L",
            "time": [0.0, 0.0833, 0.25, 0.5],
            "transform": [
                [0.894704, -0.304429, -0.326848, -0.125006, -0.220585, -0.93745, 0.269312, -0.002831, -0.388388, -0.168853, -0.905891, -1.2e-05, 0.0, 0.0, 0.0, 1.0],
                [0.885724, -0.313152, -0.342682, -0.125006, -0.235804, -0.939376, 0.248936, -0.002831, -0.399859, -0.139679, -0.905868, -1.2e-05, 0.0, 0.0, 0.0, 1.0],
                [0.901026, -0.311609, -0.30175, -0.125006, -0.239715, -0.937484, 0.252308, -0.002831, -0.361505, -0.154998, -0.919393, -1.2e-05, 0.0, 0.0, 0.0, 1.0],
                [0.82449, -0.349896, -0.444737, -0.125006, -0.270792, -0.934054, 0.232839, -0.002831, -0.496876, -0.071537, -0.864864, -1.2e-05, 0.0, 0.0, 0.0, 1.0]
            ]
        },
        {
            "name": "Leg_L",
            "time": [0.0, 0.0833, 0.25, 0.5],
            "transform": [
                [1.0, -0.0, 1e-06, 0.0, -0.0, 0.844504, 0.535547, 0.37472, -1e-06, -0.535549, 0.844506, 0.0, 0.0, 0.0, 0.0, 1.0],
                [1.0, -0.0, 1e-06, 0.0, -0.0, 0.851357, 0.524585, 0.37472, -1e-06, -0.524587, 0.851359, 0.0, 0.0, 0.0, 0.0, 1.0],
                [1.0, -0.0, 1e-06, -0.0, -0.0, 0.831745, 0.555155, 0.37472, -1e-06, -0.555157, 0.831747, 0.0, 0.0, 0.0, 0.0, 1.0],
                [1.0, -0.0, 1e-06, 0.0, -0.0, 0.863189, 0.504879, 0.37472, -1e-06, -0.504882, 0.863191, 0.0, 0.0, 0.0, 0.0, 1.0]
            ]
        },
        {
            "name": "Knee_L",
            "time": [0.0, 0.0833, 0.25, 0.5],
            "transform": [
                [1.0, 0.0, -0.0, -0.0, -0.0, 1e-06, -1.0, 0.379085, 0.0, 1.0, 1e-06, -0.0, 0.0, 0.0, 0.0, 1.0],
                [1.0, -0.0, -0.0, 0.0, -0.0, 1e-06, -1.0, 0.377728, -0.0, 1.0, 1e-06, -0.0, 0.0, 0.0, 0.0, 1.0],
                [1.0, 0.0, -0.0, -0.0, -0.0, 1e-06, -1.0, 0.381543, -0.0, 1.0, 1e-06, -0.0, 0.0, 0.0, 0.0, 1.0],
                [1.0, 0.0, -0.0, 0.0, -0.0, 1e-06, -1.0, 0.375313, 0.0, 1.0, 1e-06, -0.0, 0.0, 0.0, 0.0, 1.0]
            ]
        },
        {
            "name": "Torso",
            "time": [0.0, 0.0833, 0.25, 0.5],
            "transform": [
                [0.92792, -0.030718, -0.371512, 0.0, 0.024564, 0.999472, -0.021287, 0.05, 0.37197, 0.010626, 0.928184, -0.0, 0.0, 0.0, 0.0, 1.0],
                [0.927834, -0.046374, -0.370099, 0.0, 0.020499, 0.997081, -0.073543, 0.05, 0.37243, 0.060649, 0.926077, -0.0, 0.0, 0.0, 0.0, 1.0],
                [0.927983, -0.094764, -0.360371, 0.0, 0.007655, 0.971765, -0.235826, 0.05, 0.372544, 0.216084, 0.902507, -0.0, 0.0, 0.0, 0.0, 1.0],
                [0.928114, -0.106146, -0.356844, 0.0, 0.004568, 0.961669, -0.274176, 0.05, 0.372269, 0.252836, 0.893023, 0.0, 0.0, 0.0, 0.0, 1.0]
            ]
        },
        {
            "name": "Chest",
            "time": [0.0, 0.0833, 0.25, 0.5],
            "transform": [
                [0.932302, 0.062726, -0.356202, -0.0, 0.011274, 0.979328, 0.201966, 0.3, 0.361507, -0.192309, 0.912321, 0.0, 0.0, 0.0, 0.0, 1.0],
                [0.932496, 0.054672, -0.35702, 0.0, 0.055978, 0.954657, 0.292399, 0.3, 0.356817, -0.292646, 0.887153, -0.0, 0.0, 0.0, 0.0, 1.0],
                [0.930739, 0.03041, -0.364418, 0.0, 0.189956, 0.811335, 0.552859, 0.3, 0.312477, -0.58379, 0.749364, 0.0, 0.0, 0.0, 0.0, 1.0],
                [0.930063, 0.026432, -0.366448, -0.0, 0.211806, 0.776405, 0.593576, 0.3, 0.300202, -0.629679, 0.716507, -0.0, 0.0, 0.0, 0.0, 1.0]
            ]
        },
        {
            "name": "Head",
            "time": [0.0, 0.0833, 0.25, 0.5],
            "transform": [
                [0.946285, -0.003516, 0.323316, 0.0, 0.016044, 0.99922, -0.036091, 0.4, -0.322937, 0.03934, 0.945602, 0.0, 0.0, 0.0, 0.0, 1.0],
                [0.946284, -0.003516, 0.323316, -0.0, 0.016044, 0.99922, -0.036091, 0.4, -0.322937, 0.03934, 0.945602, -0.0, 0.0, 0.0, 0.0, 1.0],
                [0.946285, -0.003516, 0.323316, 0.0, 0.016044, 0.99922, -0.036091, 0.4, -0.322937, 0.03934, 0.945602, -0.0, 0.0, 0.0, 0.0, 1.0],
                [0.946284, -0.003516, 0.323316, -0.0, 0.016044, 0.99922, -0.036091, 0.4, -0.322937, 0.03934, 0.945602, 0.0, 0.0, 0.0, 0.0, 1.0]
            ]
        },
        {
            "name": "Shoulder_R",
            "time": [0.0, 0.0833, 0.25, 0.5],
            "transform": [
                [0.352615, 0.786566, 0.506928, 0.0, -0.128164, -0.496024, 0.858798, 0.4, 0.92695, -0.367795, -0.074096, 0.0, 0.0, 0.0, 0.0, 1.0],
                [0.352615, 0.786566, 0.506928, -0.0, -0.128164, -0.496024, 0.858798, 0.4, 0.92695, -0.367795, -0.074096, -0.0, 0.0, 0.0, 0.0, 1.0],
                [0.352615, 0.786566, 0.506928, 0.0, -0.128164, -0.496024, 0.858798, 0.4, 0.92695, -0.367795, -0.074096, -0.0, 0.0, 0.0, 0.0, 1.0],
                [0.352615, 0.786566, 0.506928, -0.0, -0.128164, -0.496024, 0.858798, 0.4, 0.92695, -0.367795, -0.074096, 0.0, 0.0, 0.0, 0.0, 1.0]
            ]
        },
        {
            "name": "Arm_R",
            "time": [0.0, 0.0833, 0.25, 0.5],